z_m,strain_verdadero,strain_das,strain_das_ruidoso
0,-5.92384e-11,-5.83761e-11,-5.83761e-11
2,-5.88232e-11,-5.79668e-11,-5.79668e-11
4,-5.75832e-11,-5.67449e-11,-5.67449e-11
6,-5.55358e-11,-5.47274e-11,-5.47274e-11
8,-5.27099e-11,-5.19425e-11,-5.19425e-11
10,-4.91449e-11,-4.84295e-11,-4.84295e-11
12,-4.48909e-11,-4.42374e-11,-4.42374e-11
14,-4.00075e-11,-3.94251e-11,-3.94251e-11
16,-3.45632e-11,-3.406e-11,-3.406e-11
18,-2.86343e-11,-2.82175e-11,-2.82175e-11
20,-2.23039e-11,-2.19792e-11,-2.19792e-11
22,-1.56609e-11,-1.54329e-11,-1.54329e-11
24,-8.79823e-12,-8.67015e-12,-8.67015e-12
26,-1.81223e-12,-1.78585e-12,-1.78585e-12
28,5.19917e-12,5.12349e-12,5.12349e-12
30,1.21377e-11,1.1961e-11,1.1961e-11
32,1.8906e-11,1.86308e-11,1.86308e-11
34,2.54093e-11,2.50394e-11,2.50394e-11
36,3.15563e-11,3.10969e-11,3.10969e-11
38,3.72609e-11,3.67185e-11,3.67185e-11
40,4.24431e-11,4.18252e-11,4.18252e-11
42,4.70302e-11,4.63455e-11,4.63455e-11
44,5.09579e-11,5.02161e-11,5.02161e-11
46,5.41712e-11,5.33826e-11,5.33826e-11
48,5.6625e-11,5.58006e-11,5.58006e-11
50,5.82849e-11,5.74364e-11,5.74364e-11
52,5.91276e-11,5.82668e-11,5.82668e-11
54,5.91413e-11,5.82803e-11,5.82803e-11
56,5.83258e-11,5.74767e-11,5.74767e-11
58,5.66926e-11,5.58673e-11,5.58673e-11
60,5.42645e-11,5.34746e-11,5.34746e-11
62,5.10757e-11,5.03321e-11,5.03321e-11
64,4.71707e-11,4.6484e-11,4.6484e-11
66,4.26044e-11,4.19841e-11,4.19841e-11
68,3.74407e-11,3.68957e-11,3.68957e-11
70,3.17521e-11,3.12899e-11,3.12899e-11
72,2.56184e-11,2.52454e-11,2.52454e-11
74,1.91254e-11,1.8847e-11,1.8847e-11
76,1.23643e-11,1.21843e-11,1.21843e-11
78,5.42991e-12,5.35086e-12,5.35086e-12
80,-1.58066e-12,-1.55765e-12,-1.55765e-12
82,-8.56906e-12,-8.44432e-12,-8.44432e-12
84,-1.54373e-11,-1.52126e-11,-1.52126e-11
86,-2.20892e-11,-2.17676e-11,-2.17676e-11
88,-2.84313e-11,-2.80174e-11,-2.80174e-11
90,-3.43748e-11,-3.38744e-11,-3.38744e-11
92,-3.98364e-11,-3.92564e-11,-3.92564e-11
94,-4.47394e-11,-4.40881e-11,-4.40881e-11
96,-4.90152e-11,-4.83016e-11,-4.83016e-11
98,-5.26038e-11,-5.1838e-11,-5.1838e-11
100,-5.54548e-11,-5.46475e-11,-5.46475e-11
102,-5.75284e-11,-5.66909e-11,-5.66909e-11
104,-5.87953e-11,-5.79394e-11,-5.79394e-11
106,-5.9238e-11,-5.83756e-11,-5.83756e-11
108,-5.88501e-11,-5.79934e-11,-5.79934e-11
110,-5.76371e-11,-5.67981e-11,-5.67981e-11
112,-5.5616e-11,-5.48064e-11,-5.48064e-11
114,-5.28152e-11,-5.20463e-11,-5.20463e-11
116,-4.92739e-11,-4.85566e-11,-4.85566e-11
118,-4.50417e-11,-4.4386e-11,-4.4386e-11
120,-4.01781e-11,-3.95932e-11,-3.95932e-11
122,-3.47511e-11,-3.42452e-11,-3.42452e-11
124,-2.88369e-11,-2.84171e-11,-2.84171e-11
126,-2.25184e-11,-2.21906e-11,-2.21906e-11
128,-1.58842e-11,-1.56529e-11,-1.56529e-11
130,-9.02726e-12,-8.89584e-12,-8.89584e-12
132,-2.04377e-12,-2.01402e-12,-2.01402e-12
134,4.96836e-12,4.89603e-12,4.89603e-12
136,1.19108e-11,1.17374e-11,1.17374e-11
138,1.86863e-11,1.84143e-11,1.84143e-11
140,2.51998e-11,2.4833e-11,2.4833e-11
142,3.136e-11,3.09035e-11,3.09035e-11
144,3.70805e-11,3.65407e-11,3.65407e-11
146,4.22811e-11,4.16656e-11,4.16656e-11
148,4.6889e-11,4.62064e-11,4.62064e-11
150,5.08394e-11,5.00993e-11,5.00993e-11
152,5.4077e-11,5.32898e-11,5.32898e-11
154,5.65565e-11,5.57332e-11,5.57332e-11
156,5.8243e-11,5.73951e-11,5.73951e-11
158,5.91129e-11,5.82524e-11,5.82524e-11
160,5.91541e-11,5.82929e-11,5.82929e-11
162,5.83659e-11,5.75162e-11,5.75162e-11
164,5.67593e-11,5.59331e-11,5.59331e-11
166,5.4357e-11,5.35657e-11,5.35657e-11
168,5.11926e-11,5.04474e-11,5.04474e-11
170,4.73105e-11,4.66217e-11,4.66217e-11
172,4.2765e-11,4.21424e-11,4.21424e-11
174,3.76199e-11,3.70723e-11,3.70723e-11
176,3.19475e-11,3.14824e-11,3.14824e-11
178,2.58271e-11,2.54511e-11,2.54511e-11
180,1.93445e-11,1.90629e-11,1.90629e-11
182,1.25908e-11,1.24075e-11,1.24075e-11
184,5.66056e-12,5.57815e-12,5.57815e-12
186,-1.34906e-12,-1.32942e-12,-1.32942e-12
188,-8.33977e-12,-8.21836e-12,-8.21836e-12
190,-1.52135e-11,-1.49921e-11,-1.49921e-11
192,-2.1874e-11,-2.15556e-11,-2.15556e-11
194,-2.82278e-11,-2.78169e-11,-2.78169e-11
196,-3.41859e-11,-3.36882e-11,-3.36882e-11
198,-3.96646e-11,-3.90872e-11,-3.90872e-11
200,-4.45872e-11,-4.39381e-11,-4.39381e-11
202,-4.88847e-11,-4.81731e-11,-4.81731e-11
204,-5.24968e-11,-5.17326e-11,-5.17326e-11
206,-5.53729e-11,-5.45668e-11,-5.45668e-11
208,-5.74726e-11,-5.6636e-11,-5.6636e-11
210,-5.87666e-11,-5.79111e-11,-5.79111e-11
212,-5.92366e-11,-5.83743e-11,-5.83743e-11
214,-5.88761e-11,-5.8019e-11,-5.8019e-11
216,-5.76902e-11,-5.68503e-11,-5.68503e-11
218,-5.56954e-11,-5.48846e-11,-5.48846e-11
220,-5.29197e-11,-5.21493e-11,-5.21493e-11
222,-4.94021e-11,-4.86829e-11,-4.86829e-11
224,-4.51918e-11,-4.4534e-11,-4.4534e-11
226,-4.0348e-11,-3.97606e-11,-3.97606e-11
228,-3.49384e-11,-3.44298e-11,-3.44298e-11
230,-2.9039e-11,-2.86163e-11,-2.86163e-11
232,-2.27325e-11,-2.24016e-11,-2.24016e-11
234,-1.61072e-11,-1.58728e-11,-1.58728e-11
236,-9.25615e-12,-9.1214e-12,-9.1214e-12
238,-2.27529e-12,-2.24216e-12,-2.24216e-12
240,4.73747e-12,4.66851e-12,4.66851e-12
242,1.16838e-11,1.15137e-11,1.15137e-11
244,1.84663e-11,1.81975e-11,1.81975e-11
246,2.499e-11,2.46262e-11,2.46262e-11
248,3.11632e-11,3.07096e-11,3.07096e-11
250,3.68996e-11,3.63624e-11,3.63624e-11
252,4.21185e-11,4.15054e-11,4.15054e-11
254,4.6747e-11,4.60665e-11,4.60665e-11
256,5.07201e-11,4.99817e-11,4.99817e-11
258,5.3982e-11,5.31962e-11,5.31962e-11
260,5.64871e-11,5.56648e-11,5.56648e-11
262,5.82003e-11,5.7353e-11,5.7353e-11
264,5.90974e-11,5.82371e-11,5.82371e-11
266,5.9166e-11,5.83047e-11,5.83047e-11
268,5.8405e-11,5.75548e-11,5.75548e-11
270,5.68252e-11,5.5998e-11,5.5998e-11
272,5.44487e-11,5.36561e-11,5.36561e-11
274,5.13088e-11,5.05619e-11,5.05619e-11
276,4.74495e-11,4.67588e-11,4.67588e-11
278,4.2925e-11,4.23001e-11,4.23001e-11
280,3.77986e-11,3.72484e-11,3.72484e-11
282,3.21423e-11,3.16744e-11,3.16744e-11
284,2.60353e-11,2.56563e-11,2.56563e-11
286,1.95634e-11,1.92786e-11,1.92786e-11
288,1.28171e-11,1.26305e-11,1.26305e-11
290,5.89112e-12,5.80536e-12,5.80536e-12
292,-1.11745e-12,-1.10118e-12,-1.10118e-12
294,-8.11034e-12,-7.99228e-12,-7.99228e-12
296,-1.49895e-11,-1.47713e-11,-1.47713e-11
298,-2.16586e-11,-2.13433e-11,-2.13433e-11
300,-2.80239e-11,-2.7616e-11,-2.7616e-11
302,-3.39964e-11,-3.35015e-11,-3.35015e-11
304,-3.94922e-11,-3.89173e-11,-3.89173e-11
306,-4.44343e-11,-4.37875e-11,-4.37875e-11
308,-4.87535e-11,-4.80437e-11,-4.80437e-11
310,-5.23891e-11,-5.16264e-11,-5.16264e-11
312,-5.52902e-11,-5.44853e-11,-5.44853e-11
314,-5.74161e-11,-5.65802e-11,-5.65802e-11
316,-5.8737e-11,-5.78819e-11,-5.78819e-11
318,-5.92344e-11,-5.83721e-11,-5.83721e-11
320,-5.89013e-11,-5.80438e-11,-5.80438e-11
322,-5.77424e-11,-5.69018e-11,-5.69018e-11
324,-5.57739e-11,-5.49619e-11,-5.49619e-11
326,-5.30234e-11,-5.22515e-11,-5.22515e-11
328,-4.95296e-11,-4.88085e-11,-4.88085e-11
330,-4.53413e-11,-4.46812e-11,-4.46812e-11
332,-4.05173e-11,-3.99275e-11,-3.99275e-11
334,-3.51252e-11,-3.46139e-11,-3.46139e-11
336,-2.92407e-11,-2.88151e-11,-2.88151e-11
338,-2.29462e-11,-2.26122e-11,-2.26122e-11
340,-1.633e-11,-1.60923e-11,-1.60923e-11
342,-9.4849e-12,-9.34682e-12,-9.34682e-12
344,-2.50677e-12,-2.47027e-12,-2.47027e-12
346,4.50651e-12,4.44091e-12,4.44091e-12
348,1.14566e-11,1.12898e-11,1.12898e-11
350,1.82461e-11,1.79805e-11,1.79805e-11
352,2.47797e-11,2.4419e-11,2.4419e-11
354,3.0966e-11,3.05152e-11,3.05152e-11
356,3.6718e-11,3.61835e-11,3.61835e-11
358,4.19553e-11,4.13446e-11,4.13446e-11
360,4.66044e-11,4.59259e-11,4.59259e-11
362,5.06e-11,4.98634e-11,4.98634e-11
364,5.38862e-11,5.31018e-11,5.31018e-11
366,5.64169e-11,5.55956e-11,5.55956e-11
368,5.81566e-11,5.731e-11,5.731e-11
370,5.9081e-11,5.82209e-11,5.82209e-11
372,5.9177e-11,5.83155e-11,5.83155e-11
374,5.84433e-11,5.75925e-11,5.75925e-11
376,5.68902e-11,5.60621e-11,5.60621e-11
378,5.45395e-11,5.37456e-11,5.37456e-11
380,5.14242e-11,5.06756e-11,5.06756e-11
382,4.75878e-11,4.68951e-11,4.68951e-11
384,4.30843e-11,4.24571e-11,4.24571e-11
386,3.79767e-11,3.74239e-11,3.74239e-11
388,3.23367e-11,3.18659e-11,3.18659e-11
390,2.62432e-11,2.58612e-11,2.58612e-11
392,1.97819e-11,1.94939e-11,1.94939e-11
394,1.30432e-11,1.28533e-11,1.28533e-11
396,6.12159e-12,6.03248e-12,6.03248e-12
398,-8.85812e-13,-8.72917e-13,-8.72917e-13
400,-7.8808e-12,-7.76607e-12,-7.76607e-12
402,-1.47653e-11,-1.45503e-11,-1.45503e-11
404,-2.14428e-11,-2.11306e-11,-2.11306e-11
406,-2.78196e-11,-2.74146e-11,-2.74146e-11
408,-3.38064e-11,-3.33143e-11,-3.33143e-11
410,-3.93192e-11,-3.87468e-11,-3.87468e-11
412,-4.42808e-11,-4.36362e-11,-4.36362e-11
414,-4.86215e-11,-4.79137e-11,-4.79137e-11
416,-5.22805e-11,-5.15195e-11,-5.15195e-11
418,-5.52066e-11,-5.44029e-11,-5.44029e-11
420,-5.73586e-11,-5.65236e-11,-5.65236e-11
422,-5.87064e-11,-5.78518e-11,-5.78518e-11
424,-5.92312e-11,-5.83689e-11,-5.83689e-11
426,-5.89255e-11,-5.80677e-11,-5.80677e-11
428,-5.77936e-11,-5.69523e-11,-5.69523e-11
430,-5.58515e-11,-5.50384e-11,-5.50384e-11
432,-5.31263e-11,-5.23529e-11,-5.23529e-11
434,-4.96563e-11,-4.89334e-11,-4.89334e-11
436,-4.549e-11,-4.48278e-11,-4.48278e-11
438,-4.0686e-11,-4.00937e-11,-4.00937e-11
440,-3.53115e-11,-3.47975e-11,-3.47975e-11
442,-2.9442e-11,-2.90134e-11,-2.90134e-11
444,-2.31597e-11,-2.28225e-11,-2.28225e-11
446,-1.65526e-11,-1.63116e-11,-1.63116e-11
448,-9.7135e-12,-9.5721e-12,-9.5721e-12
450,-2.73821e-12,-2.69834e-12,-2.69834e-12
452,4.27548e-12,4.21324e-12,4.21324e-12
454,1.12292e-11,1.10658e-11,1.10658e-11
456,1.80255e-11,1.77631e-11,1.77631e-11
458,2.45691e-11,2.42114e-11,2.42114e-11
460,3.07682e-11,3.03203e-11,3.03203e-11
462,3.6536e-11,3.60041e-11,3.60041e-11
464,4.17915e-11,4.11831e-11,4.11831e-11
466,4.6461e-11,4.57846e-11,4.57846e-11
468,5.04792e-11,4.97443e-11,4.97443e-11
470,5.37896e-11,5.30065e-11,5.30065e-11
472,5.63458e-11,5.55256e-11,5.55256e-11
474,5.81121e-11,5.72662e-11,5.72662e-11
476,5.90637e-11,5.82038e-11,5.82038e-11
478,5.91871e-11,5.83255e-11,5.83255e-11
480,5.84807e-11,5.76294e-11,5.76294e-11
482,5.69544e-11,5.61253e-11,5.61253e-11
484,5.46296e-11,5.38343e-11,5.38343e-11
486,5.15388e-11,5.07885e-11,5.07885e-11
488,4.77254e-11,4.70307e-11,4.70307e-11
490,4.3243e-11,4.26135e-11,4.26135e-11
492,3.81542e-11,3.75988e-11,3.75988e-11
494,3.25305e-11,3.20569e-11,3.20569e-11
496,2.64507e-11,2.60657e-11,2.60657e-11
498,2.00001e-11,1.97089e-11,1.97089e-11
500,1.32691e-11,1.30759e-11,1.30759e-11
502,6.35197e-12,6.2595e-12,6.2595e-12
504,-6.54165e-13,-6.44642e-13,-6.44642e-13
506,-7.65113e-12,-7.53975e-12,-7.53975e-12
508,-1.45408e-11,-1.43291e-11,-1.43291e-11
510,-2.12266e-11,-2.09176e-11,-2.09176e-11
512,-2.76149e-11,-2.72129e-11,-2.72129e-11
514,-3.36159e-11,-3.31266e-11,-3.31266e-11
516,-3.91457e-11,-3.85758e-11,-3.85758e-11
518,-4.41266e-11,-4.34842e-11,-4.34842e-11
520,-4.84888e-11,-4.77829e-11,-4.77829e-11
522,-5.21712e-11,-5.14117e-11,-5.14117e-11
524,-5.51222e-11,-5.43197e-11,-5.43197e-11
526,-5.73003e-11,-5.64661e-11,-5.64661e-11
528,-5.8675e-11,-5.78208e-11,-5.78208e-11
530,-5.92271e-11,-5.83649e-11,-5.83649e-11
532,-5.89488e-11,-5.80907e-11,-5.80907e-11
534,-5.78441e-11,-5.7002e-11,-5.7002e-11
536,-5.59283e-11,-5.51141e-11,-5.51141e-11
538,-5.32284e-11,-5.24535e-11,-5.24535e-11
540,-4.97822e-11,-4.90575e-11,-4.90575e-11
542,-4.56381e-11,-4.49737e-11,-4.49737e-11
544,-4.08541e-11,-4.02593e-11,-4.02593e-11
546,-3.54973e-11,-3.49805e-11,-3.49805e-11
548,-2.96428e-11,-2.92113e-11,-2.92113e-11
550,-2.33727e-11,-2.30325e-11,-2.30325e-11
552,-1.67749e-11,-1.65307e-11,-1.65307e-11
554,-9.94196e-12,-9.79723e-12,-9.79723e-12
556,-2.9696e-12,-2.92637e-12,-2.92637e-12
558,4.04439e-12,3.98551e-12,3.98551e-12
560,1.10017e-11,1.08415e-11,1.08415e-11
562,1.78047e-11,1.75455e-11,1.75455e-11
564,2.43581e-11,2.40035e-11,2.40035e-11
566,3.057e-11,3.0125e-11,3.0125e-11
568,3.63533e-11,3.58241e-11,3.58241e-11
570,4.16269e-11,4.1021e-11,4.1021e-11
572,4.63169e-11,4.56427e-11,4.56427e-11
574,5.03575e-11,4.96245e-11,4.96245e-11
576,5.36921e-11,5.29105e-11,5.29105e-11
578,5.62739e-11,5.54547e-11,5.54547e-11
580,5.80667e-11,5.72214e-11,5.72214e-11
582,5.90454e-11,5.81859e-11,5.81859e-11
584,5.91963e-11,5.83345e-11,5.83345e-11
586,5.85172e-11,5.76653e-11,5.76653e-11
588,5.70177e-11,5.61876e-11,5.61876e-11
590,5.47187e-11,5.39222e-11,5.39222e-11
592,5.16526e-11,5.09007e-11,5.09007e-11
594,4.78623e-11,4.71656e-11,4.71656e-11
596,4.3401e-11,4.27692e-11,4.27692e-11
598,3.83311e-11,3.77731e-11,3.77731e-11
600,3.27239e-11,3.22475e-11,3.22475e-11
602,2.66578e-11,2.62697e-11,2.62697e-11
604,2.0218e-11,1.99237e-11,1.99237e-11
606,1.34947e-11,1.32983e-11,1.32983e-11
608,6.58225e-12,6.48643e-12,6.48643e-12
610,-4.22508e-13,-4.16357e-13,-4.16357e-13
612,-7.42135e-12,-7.31331e-12,-7.31331e-12
614,-1.43161e-11,-1.41077e-11,-1.41077e-11
616,-2.10102e-11,-2.07043e-11,-2.07043e-11
618,-2.74097e-11,-2.70107e-11,-2.70107e-11
620,-3.34249e-11,-3.29383e-11,-3.29383e-11
622,-3.89715e-11,-3.84042e-11,-3.84042e-11
624,-4.39717e-11,-4.33315e-11,-4.33315e-11
626,-4.83554e-11,-4.76514e-11,-4.76514e-11
628,-5.20611e-11,-5.13032e-11,-5.13032e-11
630,-5.50369e-11,-5.42357e-11,-5.42357e-11
632,-5.72411e-11,-5.64078e-11,-5.64078e-11
634,-5.86427e-11,-5.7789e-11,-5.7789e-11
636,-5.92221e-11,-5.836e-11,-5.836e-11
638,-5.89713e-11,-5.81128e-11,-5.81128e-11
640,-5.78936e-11,-5.70508e-11,-5.70508e-11
642,-5.60042e-11,-5.51889e-11,-5.51889e-11
644,-5.33297e-11,-5.25533e-11,-5.25533e-11
646,-4.99074e-11,-4.91809e-11,-4.91809e-11
648,-4.57854e-11,-4.51189e-11,-4.51189e-11
650,-4.10215e-11,-4.04243e-11,-4.04243e-11
652,-3.56825e-11,-3.5163e-11,-3.5163e-11
654,-2.98431e-11,-2.94087e-11,-2.94087e-11
656,-2.35854e-11,-2.3242e-11,-2.3242e-11
658,-1.6997e-11,-1.67495e-11,-1.67495e-11
660,-1.01703e-11,-1.00222e-11,-1.00222e-11
662,-3.20096e-12,-3.15436e-12,-3.15436e-12
664,3.81323e-12,3.75772e-12,3.75772e-12
666,1.0774e-11,1.06171e-11,1.06171e-11
668,1.75836e-11,1.73277e-11,1.73277e-11
670,2.41468e-11,2.37952e-11,2.37952e-11
672,3.03714e-11,2.99292e-11,2.99292e-11
674,3.61701e-11,3.56436e-11,3.56436e-11
676,4.14618e-11,4.08582e-11,4.08582e-11
678,4.61721e-11,4.55e-11,4.55e-11
680,5.02351e-11,4.95038e-11,4.95038e-11
682,5.35938e-11,5.28136e-11,5.28136e-11
684,5.62011e-11,5.5383e-11,5.5383e-11
686,5.80204e-11,5.71758e-11,5.71758e-11
688,5.90263e-11,5.8167e-11,5.8167e-11
690,5.92046e-11,5.83427e-11,5.83427e-11
692,5.85528e-11,5.77004e-11,5.77004e-11
694,5.70801e-11,5.62491e-11,5.62491e-11
696,5.48071e-11,5.40092e-11,5.40092e-11
698,5.17656e-11,5.10121e-11,5.10121e-11
700,4.79985e-11,4.72997e-11,4.72997e-11
702,4.35583e-11,4.29242e-11,4.29242e-11
704,3.85075e-11,3.79469e-11,3.79469e-11
706,3.29167e-11,3.24375e-11,3.24375e-11
708,2.68645e-11,2.64734e-11,2.64734e-11
710,2.04356e-11,2.01381e-11,2.01381e-11
712,1.37202e-11,1.35205e-11,1.35205e-11
714,6.81244e-12,6.71326e-12,6.71326e-12
716,-1.90844e-13,-1.88066e-13,-1.88066e-13
718,-7.19145e-12,-7.08676e-12,-7.08676e-12
720,-1.40912e-11,-1.38861e-11,-1.38861e-11
722,-2.07934e-11,-2.04907e-11,-2.04907e-11
724,-2.72041e-11,-2.68081e-11,-2.68081e-11
726,-3.32334e-11,-3.27496e-11,-3.27496e-11
728,-3.87967e-11,-3.82319e-11,-3.82319e-11
730,-4.38161e-11,-4.31782e-11,-4.31782e-11
732,-4.82212e-11,-4.75192e-11,-4.75192e-11
734,-5.19501e-11,-5.11939e-11,-5.11939e-11
736,-5.49508e-11,-5.41508e-11,-5.41508e-11
738,-5.7181e-11,-5.63486e-11,-5.63486e-11
740,-5.86095e-11,-5.77563e-11,-5.77563e-11
742,-5.92162e-11,-5.83542e-11,-5.83542e-11
744,-5.89928e-11,-5.8134e-11,-5.8134e-11
746,-5.79422e-11,-5.70987e-11,-5.70987e-11
748,-5.60793e-11,-5.52629e-11,-5.52629e-11
750,-5.34301e-11,-5.26523e-11,-5.26523e-11
752,-5.00318e-11,-4.93035e-11,-4.93035e-11
754,-4.59321e-11,-4.52634e-11,-4.52634e-11
756,-4.11883e-11,-4.05887e-11,-4.05887e-11
758,-3.58671e-11,-3.5345e-11,-3.5345e-11
760,-3.0043e-11,-2.96057e-11,-2.96057e-11
762,-2.37977e-11,-2.34513e-11,-2.34513e-11
764,-1.72188e-11,-1.69681e-11,-1.69681e-11
766,-1.03984e-11,-1.0247e-11,-1.0247e-11
768,-3.43226e-12,-3.38229e-12,-3.38229e-12
770,3.58202e-12,3.52987e-12,3.52987e-12
772,1.05461e-11,1.03925e-11,1.03925e-11
774,1.73623e-11,1.71095e-11,1.71095e-11
776,2.3935e-11,2.35866e-11,2.35866e-11
778,3.01722e-11,2.9733e-11,2.9733e-11
780,3.59864e-11,3.54625e-11,3.54625e-11
782,4.1296e-11,4.06948e-11,4.06948e-11
784,4.60267e-11,4.53566e-11,4.53566e-11
786,5.0112e-11,4.93825e-11,4.93825e-11
788,5.34947e-11,5.2716e-11,5.2716e-11
790,5.61275e-11,5.53104e-11,5.53104e-11
792,5.79733e-11,5.71293e-11,5.71293e-11
794,5.90062e-11,5.81473e-11,5.81473e-11
796,5.92119e-11,5.835e-11,5.835e-11
798,5.85875e-11,5.77346e-11,5.77346e-11
800,5.71416e-11,5.63097e-11,5.63097e-11
802,5.48946e-11,5.40954e-11,5.40954e-11
804,5.18779e-11,5.11227e-11,5.11227e-11
806,4.81339e-11,4.74332e-11,4.74332e-11
808,4.3715e-11,4.30786e-11,4.30786e-11
810,3.86832e-11,3.81201e-11,3.81201e-11
812,3.31091e-11,3.26271e-11,3.26271e-11
814,2.70708e-11,2.66767e-11,2.66767e-11
816,2.06529e-11,2.03522e-11,2.03522e-11
818,1.39455e-11,1.37425e-11,1.37425e-11
820,7.04251e-12,6.93999e-12,6.93999e-12
822,4.08229e-14,4.02286e-14,4.02286e-14
824,-6.96144e-12,-6.8601e-12,-6.8601e-12
826,-1.38661e-11,-1.36642e-11,-1.36642e-11
828,-2.05764e-11,-2.02768e-11,-2.02768e-11
830,-2.69981e-11,-2.66051e-11,-2.66051e-11
832,-3.30414e-11,-3.25604e-11,-3.25604e-11
834,-3.86213e-11,-3.80591e-11,-3.80591e-11
836,-4.36599e-11,-4.30243e-11,-4.30243e-11
838,-4.80862e-11,-4.73862e-11,-4.73862e-11
840,-5.18384e-11,-5.10838e-11,-5.10838e-11
842,-5.48638e-11,-5.40651e-11,-5.40651e-11
844,-5.712e-11,-5.62885e-11,-5.62885e-11
846,-5.85754e-11,-5.77226e-11,-5.77226e-11
848,-5.92094e-11,-5.83475e-11,-5.83475e-11
850,-5.90134e-11,-5.81543e-11,-5.81543e-11
852,-5.799e-11,-5.71458e-11,-5.71458e-11
854,-5.61535e-11,-5.5336e-11,-5.5336e-11
856,-5.35297e-11,-5.27505e-11,-5.27505e-11
858,-5.01555e-11,-4.94253e-11,-4.94253e-11
860,-4.6078e-11,-4.54072e-11,-4.54072e-11
862,-4.13545e-11,-4.07525e-11,-4.07525e-11
864,-3.60512e-11,-3.55264e-11,-3.55264e-11
866,-3.02425e-11,-2.98022e-11,-2.98022e-11
868,-2.40097e-11,-2.36602e-11,-2.36602e-11
870,-1.74403e-11,-1.71864e-11,-1.71864e-11
872,-1.06264e-11,-1.04717e-11,-1.04717e-11
874,-3.66351e-12,-3.61018e-12,-3.61018e-12
876,3.35075e-12,3.30197e-12,3.30197e-12
878,1.0318e-11,1.01678e-11,1.01678e-11
880,1.71406e-11,1.68911e-11,1.68911e-11
882,2.37229e-11,2.33776e-11,2.33776e-11
884,2.99726e-11,2.95363e-11,2.95363e-11
886,3.58021e-11,3.52809e-11,3.52809e-11
888,4.11296e-11,4.05309e-11,4.05309e-11
890,4.58805e-11,4.52126e-11,4.52126e-11
892,4.99881e-11,4.92604e-11,4.92604e-11
894,5.33948e-11,5.26175e-11,5.26175e-11
896,5.60529e-11,5.52369e-11,5.52369e-11
898,5.79252e-11,5.70819e-11,5.70819e-11
900,5.89853e-11,5.81266e-11,5.81266e-11
902,5.92184e-11,5.83563e-11,5.83563e-11
904,5.86213e-11,5.77679e-11,5.77679e-11
906,5.72022e-11,5.63695e-11,5.63695e-11
908,5.49812e-11,5.41808e-11,5.41808e-11
910,5.19893e-11,5.12325e-11,5.12325e-11
912,4.82685e-11,4.75659e-11,4.75659e-11
914,4.3871e-11,4.32323e-11,4.32323e-11
916,3.88584e-11,3.82927e-11,3.82927e-11
918,3.33009e-11,3.28162e-11,3.28162e-11
920,2.72766e-11,2.68795e-11,2.68795e-11
922,2.08699e-11,2.05661e-11,2.05661e-11
924,1.41705e-11,1.39642e-11,1.39642e-11
926,7.27248e-12,7.16661e-12,7.16661e-12
928,2.72489e-13,2.68522e-13,2.68522e-13
930,-6.73132e-12,-6.63333e-12,-6.63333e-12
932,-1.36408e-11,-1.34422e-11,-1.34422e-11
934,-2.0359e-11,-2.00626e-11,-2.00626e-11
936,-2.67917e-11,-2.64017e-11,-2.64017e-11
938,-3.28488e-11,-3.23706e-11,-3.23706e-11
940,-3.84454e-11,-3.78857e-11,-3.78857e-11
942,-4.35029e-11,-4.28696e-11,-4.28696e-11
944,-4.79506e-11,-4.72525e-11,-4.72525e-11
946,-5.17259e-11,-5.09729e-11,-5.09729e-11
948,-5.4776e-11,-5.39786e-11,-5.39786e-11
950,-5.70582e-11,-5.62275e-11,-5.62275e-11
952,-5.85403e-11,-5.76881e-11,-5.76881e-11
954,-5.92018e-11,-5.83399e-11,-5.83399e-11
956,-5.90331e-11,-5.81737e-11,-5.81737e-11
958,-5.80368e-11,-5.7192e-11,-5.7192e-11
960,-5.62269e-11,-5.54083e-11,-5.54083e-11
962,-5.36286e-11,-5.28479e-11,-5.28479e-11
964,-5.02784e-11,-4.95464e-11,-4.95464e-11
966,-4.62233e-11,-4.55504e-11,-4.55504e-11
968,-4.15201e-11,-4.09156e-11,-4.09156e-11
970,-3.62348e-11,-3.57073e-11,-3.57073e-11
972,-3.04414e-11,-2.99983e-11,-2.99983e-11
974,-2.42213e-11,-2.38687e-11,-2.38687e-11
976,-1.76616e-11,-1.74045e-11,-1.74045e-11
978,-1.08542e-11,-1.06962e-11,-1.06962e-11
980,-3.8947e-12,-3.83801e-12,-3.83801e-12
982,3.11943e-12,3.07401e-12,3.07401e-12
984,1.00898e-11,9.94294e-12,9.94294e-12
986,1.69188e-11,1.66725e-11,1.66725e-11
988,2.35105e-11,2.31682e-11,2.31682e-11
990,2.97726e-11,2.93392e-11,2.93392e-11
992,3.56173e-11,3.50988e-11,3.50988e-11
994,4.09626e-11,4.03662e-11,4.03662e-11
996,4.57336e-11,4.50678e-11,4.50678e-11
998,4.98634e-11,4.91375e-11,4.91375e-11
1000,5.32941e-11,5.25182e-11,5.25182e-11
1002,5.59776e-11,5.51627e-11,5.51627e-11
1004,5.78762e-11,5.70337e-11,5.70337e-11
1006,5.89635e-11,5.81051e-11,5.81051e-11
1008,5.9224e-11,5.83618e-11,5.83618e-11
1010,5.86542e-11,5.78003e-11,5.78003e-11
1012,5.7262e-11,5.64284e-11,5.64284e-11
1014,5.5067e-11,5.42654e-11,5.42654e-11
1016,5.21e-11,5.13415e-11,5.13415e-11
1018,4.84025e-11,4.76978e-11,4.76978e-11
1020,4.40263e-11,4.33854e-11,4.33854e-11
1022,3.90329e-11,3.84647e-11,3.84647e-11
1024,3.34923e-11,3.30047e-11,3.30047e-11
1026,2.74821e-11,2.7082e-11,2.7082e-11
1028,2.10865e-11,2.07796e-11,2.07796e-11
1030,1.43953e-11,1.41858e-11,1.41858e-11
1032,7.50234e-12,7.39312e-12,7.39312e-12
1034,5.04151e-13,4.96812e-13,4.96812e-13
1036,-6.50111e-12,-6.40647e-12,-6.40647e-12
1038,-1.34152e-11,-1.32199e-11,-1.32199e-11
1040,-2.01412e-11,-1.9848e-11,-1.9848e-11
1042,-2.65849e-11,-2.61979e-11,-2.61979e-11
1044,-3.26558e-11,-3.21804e-11,-3.21804e-11
1046,-3.82688e-11,-3.77117e-11,-3.77117e-11
1048,-4.33454e-11,-4.27144e-11,-4.27144e-11
1050,-4.78142e-11,-4.71181e-11,-4.71181e-11
1052,-5.16126e-11,-5.08612e-11,-5.08612e-11
1054,-5.46874e-11,-5.38913e-11,-5.38913e-11
1056,-5.69955e-11,-5.61657e-11,-5.61657e-11
1058,-5.85044e-11,-5.76527e-11,-5.76527e-11
1060,-5.91931e-11,-5.83314e-11,-5.83314e-11
1062,-5.9052e-11,-5.81923e-11,-5.81923e-11
1064,-5.80828e-11,-5.72373e-11,-5.72373e-11
1066,-5.62994e-11,-5.54798e-11,-5.54798e-11
1068,-5.37266e-11,-5.29444e-11,-5.29444e-11
1070,-5.04005e-11,-4.96668e-11,-4.96668e-11
1072,-4.63678e-11,-4.56928e-11,-4.56928e-11
1074,-4.1685e-11,-4.10782e-11,-4.10782e-11
1076,-3.64178e-11,-3.58876e-11,-3.58876e-11
1078,-3.06399e-11,-3.01939e-11,-3.01939e-11
1080,-2.44325e-11,-2.40769e-11,-2.40769e-11
1082,-1.78826e-11,-1.76222e-11,-1.76222e-11
1084,-1.10819e-11,-1.09206e-11,-1.09206e-11
1086,-4.12584e-12,-4.06578e-12,-4.06578e-12
1088,2.88806e-12,2.84601e-12,2.84601e-12
1090,9.86146e-12,9.7179e-12,9.7179e-12
1092,1.66966e-11,1.64535e-11,1.64535e-11
1094,2.32977e-11,2.29585e-11,2.29585e-11
1096,2.95721e-11,2.91416e-11,2.91416e-11
1098,3.54319e-11,3.49161e-11,3.49161e-11
1100,4.07949e-11,4.0201e-11,4.0201e-11
1102,4.5586e-11,4.49223e-11,4.49223e-11
1104,4.97379e-11,4.90138e-11,4.90138e-11
1106,5.31925e-11,5.24182e-11,5.24182e-11
1108,5.59013e-11,5.50875e-11,5.50875e-11
1110,5.78264e-11,5.69846e-11,5.69846e-11
1112,5.89407e-11,5.80827e-11,5.80827e-11
1114,5.92287e-11,5.83664e-11,5.83664e-11
1116,5.86862e-11,5.78319e-11,5.78319e-11
1118,5.73209e-11,5.64865e-11,5.64865e-11
1120,5.5152e-11,5.43491e-11,5.43491e-11
1122,5.22098e-11,5.14498e-11,5.14498e-11
1124,4.85357e-11,4.78291e-11,4.78291e-11
1126,4.4181e-11,4.35378e-11,4.35378e-11
1128,3.92069e-11,3.86361e-11,3.86361e-11
1130,3.36831e-11,3.31928e-11,3.31928e-11
1132,2.76871e-11,2.7284e-11,2.7284e-11
1134,2.13029e-11,2.09927e-11,2.09927e-11
1136,1.462e-11,1.44071e-11,1.44071e-11
1138,7.73208e-12,7.61952e-12,7.61952e-12
1140,7.35805e-13,7.25093e-13,7.25093e-13
1142,-6.27079e-12,-6.1795e-12,-6.1795e-12
1144,-1.31895e-11,-1.29975e-11,-1.29975e-11
1146,-1.99232e-11,-1.96332e-11,-1.96332e-11
1148,-2.63776e-11,-2.59937e-11,-2.59937e-11
1150,-3.24622e-11,-3.19897e-11,-3.19897e-11
1152,-3.80917e-11,-3.75372e-11,-3.75372e-11
1154,-4.31871e-11,-4.25584e-11,-4.25584e-11
1156,-4.7677e-11,-4.6983e-11,-4.6983e-11
1158,-5.14985e-11,-5.07488e-11,-5.07488e-11
1160,-5.45979e-11,-5.38031e-11,-5.38031e-11
1162,-5.69319e-11,-5.61031e-11,-5.61031e-11
1164,-5.84676e-11,-5.76165e-11,-5.76165e-11
1166,-5.91836e-11,-5.83221e-11,-5.83221e-11
1168,-5.90699e-11,-5.821e-11,-5.821e-11
1170,-5.81279e-11,-5.72817e-11,-5.72817e-11
1172,-5.6371e-11,-5.55504e-11,-5.55504e-11
1174,-5.38237e-11,-5.30402e-11,-5.30402e-11
1176,-5.05218e-11,-4.97864e-11,-4.97864e-11
1178,-4.65116e-11,-4.58345e-11,-4.58345e-11
1180,-4.18493e-11,-4.12401e-11,-4.12401e-11
1182,-3.66002e-11,-3.60674e-11,-3.60674e-11
1184,-3.0838e-11,-3.0389e-11,-3.0389e-11
1186,-2.46434e-11,-2.42846e-11,-2.42846e-11
1188,-1.81033e-11,-1.78398e-11,-1.78398e-11
1190,-1.13094e-11,-1.11447e-11,-1.11447e-11
1192,-4.35691e-12,-4.29349e-12,-4.29349e-12
1194,2.65664e-12,2.61797e-12,2.61797e-12
1196,9.63295e-12,9.49272e-12,9.49272e-12
1198,1.64742e-11,1.62344e-11,1.62344e-11
1200,2.30845e-11,2.27484e-11,2.27484e-11
1202,2.93711e-11,2.89435e-11,2.89435e-11
1204,3.52459e-11,3.47328e-11,3.47328e-11
1206,4.06266e-11,4.00352e-11,4.00352e-11
1208,4.54377e-11,4.47762e-11,4.47762e-11
1210,4.96117e-11,4.88895e-11,4.88895e-11
1212,5.30901e-11,5.23173e-11,5.23173e-11
1214,5.58242e-11,5.50116e-11,5.50116e-11
1216,5.77757e-11,5.69346e-11,5.69346e-11
1218,5.89171e-11,5.80594e-11,5.80594e-11
1220,5.92324e-11,5.83701e-11,5.83701e-11
1222,5.87173e-11,5.78625e-11,5.78625e-11
1224,5.7379e-11,5.65437e-11,5.65437e-11
1226,5.52361e-11,5.4432e-11,5.4432e-11
1228,5.23189e-11,5.15573e-11,5.15573e-11
1230,4.86681e-11,4.79596e-11,4.79596e-11
1232,4.4335e-11,4.36896e-11,4.36896e-11
1234,3.93803e-11,3.8807e-11,3.8807e-11
1236,3.38734e-11,3.33803e-11,3.33803e-11
1238,2.78917e-11,2.74856e-11,2.74856e-11
1240,2.15189e-11,2.12056e-11,2.12056e-11
1242,1.48443e-11,1.46282e-11,1.46282e-11
1244,7.96171e-12,7.84581e-12,7.84581e-12
1246,9.67448e-13,9.53364e-13,9.53364e-13
1248,-6.04038e-12,-5.95244e-12,-5.95244e-12
1250,-1.29635e-11,-1.27748e-11,-1.27748e-11
1252,-1.97049e-11,-1.9418e-11,-1.9418e-11
1254,-2.617e-11,-2.5789e-11,-2.5789e-11
1256,-3.22682e-11,-3.17985e-11,-3.17985e-11
1258,-3.7914e-11,-3.73621e-11,-3.73621e-11
1260,-4.30282e-11,-4.24018e-11,-4.24018e-11
1262,-4.75392e-11,-4.68471e-11,-4.68471e-11
1264,-5.13836e-11,-5.06356e-11,-5.06356e-11
1266,-5.45076e-11,-5.37141e-11,-5.37141e-11
1268,-5.68674e-11,-5.60396e-11,-5.60396e-11
1270,-5.84299e-11,-5.75793e-11,-5.75793e-11
1272,-5.91732e-11,-5.83118e-11,-5.83118e-11
1274,-5.90869e-11,-5.82267e-11,-5.82267e-11
1276,-5.81721e-11,-5.73253e-11,-5.73253e-11
1278,-5.64418e-11,-5.56201e-11,-5.56201e-11
1280,-5.39201e-11,-5.31351e-11,-5.31351e-11
1282,-5.06424e-11,-4.99052e-11,-4.99052e-11
1284,-4.66547e-11,-4.59755e-11,-4.59755e-11
1286,-4.20129e-11,-4.14013e-11,-4.14013e-11
1288,-3.67821e-11,-3.62466e-11,-3.62466e-11
1290,-3.10355e-11,-3.05837e-11,-3.05837e-11
1292,-2.48539e-11,-2.44921e-11,-2.44921e-11
1294,-1.83237e-11,-1.8057e-11,-1.8057e-11
1296,-1.15367e-11,-1.13688e-11,-1.13688e-11
1298,-4.58792e-12,-4.52113e-12,-4.52113e-12
1300,2.42519e-12,2.38989e-12,2.38989e-12
1302,9.4043e-12,9.26739e-12,9.26739e-12
1304,1.62516e-11,1.6015e-11,1.6015e-11
1306,2.2871e-11,2.2538e-11,2.2538e-11
1308,2.91697e-11,2.87451e-11,2.87451e-11
1310,3.50595e-11,3.45491e-11,3.45491e-11
1312,4.04577e-11,3.98687e-11,3.98687e-11
1314,4.52887e-11,4.46294e-11,4.46294e-11
1316,4.94847e-11,4.87643e-11,4.87643e-11
1318,5.2987e-11,5.22156e-11,5.22156e-11
1320,5.57463e-11,5.49348e-11,5.49348e-11
1322,5.77241e-11,5.68837e-11,5.68837e-11
1324,5.88925e-11,5.80352e-11,5.80352e-11
1326,5.92353e-11,5.83729e-11,5.83729e-11
1328,5.87475e-11,5.78923e-11,5.78923e-11
1330,5.74361e-11,5.66e-11,5.66e-11
1332,5.53194e-11,5.45141e-11,5.45141e-11
1334,5.24271e-11,5.16639e-11,5.16639e-11
1336,4.87998e-11,4.80894e-11,4.80894e-11
1338,4.44883e-11,4.38407e-11,4.38407e-11
1340,3.9553e-11,3.89772e-11,3.89772e-11
1342,3.40632e-11,3.35673e-11,3.35673e-11
1344,2.80958e-11,2.76868e-11,2.76868e-11
1346,2.17345e-11,2.14181e-11,2.14181e-11
1348,1.50685e-11,1.48491e-11,1.48491e-11
1350,8.19121e-12,8.07197e-12,8.07197e-12
1352,1.19908e-12,1.18162e-12,1.18162e-12
1354,-5.80987e-12,-5.72529e-12,-5.72529e-12
1356,-1.27374e-11,-1.25519e-11,-1.25519e-11
1358,-1.94863e-11,-1.92026e-11,-1.92026e-11
1360,-2.5962e-11,-2.5584e-11,-2.5584e-11
1362,-3.20737e-11,-3.16068e-11,-3.16068e-11
1364,-3.77357e-11,-3.71864e-11,-3.71864e-11
1366,-4.28687e-11,-4.22446e-11,-4.22446e-11
1368,-4.74006e-11,-4.67106e-11,-4.67106e-11
1370,-5.12679e-11,-5.05216e-11,-5.05216e-11
1372,-5.44165e-11,-5.36243e-11,-5.36243e-11
1374,-5.68021e-11,-5.59752e-11,-5.59752e-11
1376,-5.83913e-11,-5.75413e-11,-5.75413e-11
1378,-5.91619e-11,-5.83006e-11,-5.83006e-11
1380,-5.9103e-11,-5.82426e-11,-5.82426e-11
1382,-5.82154e-11,-5.7368e-11,-5.7368e-11
1384,-5.65117e-11,-5.5689e-11,-5.5689e-11
1386,-5.40156e-11,-5.32293e-11,-5.32293e-11
1388,-5.07622e-11,-5.00232e-11,-5.00232e-11
1390,-4.67971e-11,-4.61159e-11,-4.61159e-11
1392,-4.21759e-11,-4.15619e-11,-4.15619e-11
1394,-3.69634e-11,-3.64253e-11,-3.64253e-11
1396,-3.12326e-11,-3.0778e-11,-3.0778e-11
1398,-2.5064e-11,-2.46991e-11,-2.46991e-11
1400,-1.85439e-11,-1.82739e-11,-1.82739e-11
1402,-1.17638e-11,-1.15926e-11,-1.15926e-11
1404,-4.81885e-12,-4.7487e-12,-4.7487e-12
1406,2.1937e-12,2.16176e-12,2.16176e-12
1408,9.1755e-12,9.04192e-12,9.04192e-12
1410,1.60286e-11,1.57953e-11,1.57953e-11
1412,2.26571e-11,2.23272e-11,2.23272e-11
1414,2.89678e-11,2.85461e-11,2.85461e-11
1416,3.48725e-11,3.43648e-11,3.43648e-11
1418,4.02882e-11,3.97017e-11,3.97017e-11
1420,4.5139e-11,4.44819e-11,4.44819e-11
1422,4.9357e-11,4.86385e-11,4.86385e-11
1424,5.2883e-11,5.21131e-11,5.21131e-11
1426,5.56675e-11,5.48571e-11,5.48571e-11
1428,5.76716e-11,5.6832e-11,5.6832e-11
1430,5.88671e-11,5.80101e-11,5.80101e-11
1432,5.92372e-11,5.83749e-11,5.83749e-11
1434,5.87768e-11,5.79212e-11,5.79212e-11
1436,5.74924e-11,5.66554e-11,5.66554e-11
1438,5.54019e-11,5.45953e-11,5.45953e-11
1440,5.25346e-11,5.17698e-11,5.17698e-11
1442,4.89308e-11,4.82185e-11,4.82185e-11
1444,4.46409e-11,4.39911e-11,4.39911e-11
1446,3.97252e-11,3.91469e-11,3.91469e-11
1448,3.42525e-11,3.37539e-11,3.37539e-11
1450,2.82996e-11,2.78876e-11,2.78876e-11
1452,2.19499e-11,2.16303e-11,2.16303e-11
1454,1.52924e-11,1.50698e-11,1.50698e-11
1456,8.42059e-12,8.29801e-12,8.29801e-12
1458,1.43069e-12,1.40986e-12,1.40986e-12
1460,-5.57928e-12,-5.49806e-12,-5.49806e-12
1462,-1.2511e-11,-1.23289e-11,-1.23289e-11
1464,-1.92674e-11,-1.89869e-11,-1.89869e-11
1466,-2.57535e-11,-2.53786e-11,-2.53786e-11
1468,-3.18787e-11,-3.14146e-11,-3.14146e-11
1470,-3.75568e-11,-3.70101e-11,-3.70101e-11
1472,-4.27085e-11,-4.20867e-11,-4.20867e-11
1474,-4.72613e-11,-4.65733e-11,-4.65733e-11
1476,-5.11515e-11,-5.04068e-11,-5.04068e-11
1478,-5.43245e-11,-5.35337e-11,-5.35337e-11
1480,-5.67359e-11,-5.591e-11,-5.591e-11
1482,-5.83519e-11,-5.75024e-11,-5.75024e-11
1484,-5.91497e-11,-5.82886e-11,-5.82886e-11
1486,-5.91182e-11,-5.82576e-11,-5.82576e-11
1488,-5.82579e-11,-5.74098e-11,-5.74098e-11
1490,-5.65807e-11,-5.5757e-11,-5.5757e-11
1492,-5.41103e-11,-5.33226e-11,-5.33226e-11
1494,-5.08812e-11,-5.01405e-11,-5.01405e-11
1496,-4.69388e-11,-4.62555e-11,-4.62555e-11
1498,-4.23383e-11,-4.17219e-11,-4.17219e-11
1500,-3.71441e-11,-3.66034e-11,-3.66034e-11
1502,-3.14292e-11,-3.09717e-11,-3.09717e-11
1504,-2.52737e-11,-2.49058e-11,-2.49058e-11
1506,-1.87638e-11,-1.84906e-11,-1.84906e-11
1508,-1.19908e-11,-1.18162e-11,-1.18162e-11
1510,-5.04972e-12,-4.9762e-12,-4.9762e-12
1512,1.96218e-12,1.93361e-12,1.93361e-12
1514,8.94656e-12,8.81631e-12,8.81631e-12
1516,1.58055e-11,1.55754e-11,1.55754e-11
1518,2.24428e-11,2.21161e-11,2.21161e-11
1520,2.87655e-11,2.83468e-11,2.83468e-11
1522,3.46849e-11,3.418e-11,3.418e-11
1524,4.0118e-11,3.9534e-11,3.9534e-11
1526,4.49886e-11,4.43337e-11,4.43337e-11
1528,4.92285e-11,4.85119e-11,4.85119e-11
1530,5.27782e-11,5.20098e-11,5.20098e-11
1532,5.55879e-11,5.47786e-11,5.47786e-11
1534,5.76182e-11,5.67794e-11,5.67794e-11
1536,5.88407e-11,5.79841e-11,5.79841e-11
1538,5.92382e-11,5.83759e-11,5.83759e-11
1540,5.88052e-11,5.79492e-11,5.79492e-11
1542,5.75478e-11,5.671e-11,5.671e-11
1544,5.54835e-11,5.46757e-11,5.46757e-11
1546,5.26412e-11,5.18749e-11,5.18749e-11
1548,4.9061e-11,4.83468e-11,4.83468e-11
1550,4.47929e-11,4.41408e-11,4.41408e-11
1552,3.98967e-11,3.93159e-11,3.93159e-11
1554,3.44413e-11,3.39399e-11,3.39399e-11
1556,2.85029e-11,2.80879e-11,2.80879e-11
1558,2.21649e-11,2.18422e-11,2.18422e-11
1560,1.55161e-11,1.52903e-11,1.52903e-11
1562,8.64984e-12,8.52392e-12,8.52392e-12
1564,1.66227e-12,1.63807e-12,1.63807e-12
1566,-5.3486e-12,-5.27074e-12,-5.27074e-12
1568,-1.22845e-11,-1.21057e-11,-1.21057e-11
1570,-1.90481e-11,-1.87708e-11,-1.87708e-11
1572,-2.55447e-11,-2.51729e-11,-2.51729e-11
1574,-3.16832e-11,-3.12219e-11,-3.12219e-11
1576,-3.73774e-11,-3.68333e-11,-3.68333e-11
1578,-4.25476e-11,-4.19282e-11,-4.19282e-11
1580,-4.71212e-11,-4.64353e-11,-4.64353e-11
1582,-5.10342e-11,-5.02913e-11,-5.02913e-11
1584,-5.42317e-11,-5.34422e-11,-5.34422e-11
1586,-5.66689e-11,-5.58439e-11,-5.58439e-11
1588,-5.83115e-11,-5.74626e-11,-5.74626e-11
1590,-5.91365e-11,-5.82757e-11,-5.82757e-11
1592,-5.91325e-11,-5.82717e-11,-5.82717e-11
1594,-5.82994e-11,-5.74507e-11,-5.74507e-11
1596,-5.66489e-11,-5.58242e-11,-5.58242e-11
1598,-5.42042e-11,-5.34151e-11,-5.34151e-11
1600,-5.09995e-11,-5.02571e-11,-5.02571e-11
1602,-4.70798e-11,-4.63944e-11,-4.63944e-11
1604,-4.25e-11,-4.18813e-11,-4.18813e-11
1606,-3.73243e-11,-3.6781e-11,-3.6781e-11
1608,-3.16254e-11,-3.1165e-11,-3.1165e-11
1610,-2.5483e-11,-2.5112e-11,-2.5112e-11
1612,-1.89834e-11,-1.8707e-11,-1.8707e-11
1614,-1.22176e-11,-1.20397e-11,-1.20397e-11
1616,-5.2805e-12,-5.20363e-12,-5.20363e-12
1618,1.73062e-12,1.70543e-12,1.70543e-12
1620,8.71748e-12,8.59057e-12,8.59057e-12
1622,1.55821e-11,1.53553e-11,1.53553e-11
1624,2.22283e-11,2.19047e-11,2.19047e-11
1626,2.85628e-11,2.8147e-11,2.8147e-11
1628,3.44969e-11,3.39947e-11,3.39947e-11
1630,3.99473e-11,3.93657e-11,3.93657e-11
1632,4.48376e-11,4.41849e-11,4.41849e-11
1634,4.90993e-11,4.83845e-11,4.83845e-11
1636,5.26726e-11,5.19058e-11,5.19058e-11
1638,5.55074e-11,5.46993e-11,5.46993e-11
1640,5.7564e-11,5.6726e-11,5.6726e-11
1642,5.88135e-11,5.79573e-11,5.79573e-11
1644,5.92384e-11,5.8376e-11,5.8376e-11
1646,5.88328e-11,5.79763e-11,5.79763e-11
1648,5.76023e-11,5.67637e-11,5.67637e-11
1650,5.55642e-11,5.47553e-11,5.47553e-11
1652,5.27471e-11,5.19792e-11,5.19792e-11
1654,4.91904e-11,4.84743e-11,4.84743e-11
1656,4.49441e-11,4.42899e-11,4.42899e-11
1658,4.00677e-11,3.94844e-11,3.94844e-11
1660,3.46295e-11,3.41254e-11,3.41254e-11
1662,2.87057e-11,2.82879e-11,2.82879e-11
1664,2.23796e-11,2.20538e-11,2.20538e-11
1666,1.57396e-11,1.55105e-11,1.55105e-11
1668,8.87896e-12,8.7497e-12,8.7497e-12
1670,1.89384e-12,1.86627e-12,1.86627e-12
1672,-5.11784e-12,-5.04333e-12,-5.04333e-12
1674,-1.20578e-11,-1.18822e-11,-1.18822e-11
1676,-1.88286e-11,-1.85545e-11,-1.85545e-11
1678,-2.53355e-11,-2.49667e-11,-2.49667e-11
1680,-3.14872e-11,-3.10288e-11,-3.10288e-11
1682,-3.71974e-11,-3.66559e-11,-3.66559e-11
1684,-4.23861e-11,-4.1769e-11,-4.1769e-11
1686,-4.69805e-11,-4.62966e-11,-4.62966e-11
1688,-5.09162e-11,-5.0175e-11,-5.0175e-11
1690,-5.41381e-11,-5.335e-11,-5.335e-11
1692,-5.66009e-11,-5.5777e-11,-5.5777e-11
1694,-5.82702e-11,-5.74219e-11,-5.74219e-11
1696,-5.91225e-11,-5.82618e-11,-5.82618e-11
1698,-5.91459e-11,-5.82849e-11,-5.82849e-11
1700,-5.834e-11,-5.74907e-11,-5.74907e-11
1702,-5.67162e-11,-5.58906e-11,-5.58906e-11
1704,-5.42972e-11,-5.35068e-11,-5.35068e-11
1706,-5.1117e-11,-5.03728e-11,-5.03728e-11
1708,-4.722e-11,-4.65326e-11,-4.65326e-11
1710,-4.2661e-11,-4.204e-11,-4.204e-11
1712,-3.75039e-11,-3.6958e-11,-3.6958e-11
1714,-3.1821e-11,-3.13578e-11,-3.13578e-11
1716,-2.5692e-11,-2.53179e-11,-2.53179e-11
1718,-1.92027e-11,-1.89231e-11,-1.89231e-11
1720,-1.24442e-11,-1.2263e-11,-1.2263e-11
1722,-5.5112e-12,-5.43097e-12,-5.43097e-12
1724,1.49904e-12,1.47722e-12,1.47722e-12
1726,8.48827e-12,8.3647e-12,8.3647e-12
1728,1.53585e-11,1.51349e-11,1.51349e-11
1730,2.20134e-11,2.16929e-11,2.16929e-11
1732,2.83596e-11,2.79468e-11,2.79468e-11
1734,3.43083e-11,3.38088e-11,3.38088e-11
1736,3.97759e-11,3.91968e-11,3.91968e-11
1738,4.46858e-11,4.40353e-11,4.40353e-11
1740,4.89693e-11,4.82564e-11,4.82564e-11
1742,5.25662e-11,5.18009e-11,5.18009e-11
1744,5.5426e-11,5.46192e-11,5.46192e-11
1746,5.75088e-11,5.66716e-11,5.66716e-11
1748,5.87853e-11,5.79295e-11,5.79295e-11
1750,5.92376e-11,5.83753e-11,5.83753e-11
1752,5.88594e-11,5.80025e-11,5.80025e-11
1754,5.76559e-11,5.68166e-11,5.68166e-11
1756,5.56441e-11,5.4834e-11,5.4834e-11
1758,5.28521e-11,5.20827e-11,5.20827e-11
1760,4.93192e-11,4.86012e-11,4.86012e-11
1762,4.50947e-11,4.44382e-11,4.44382e-11
1764,4.0238e-11,3.96522e-11,3.96522e-11
1766,3.48172e-11,3.43103e-11,3.43103e-11
1768,2.89082e-11,2.84873e-11,2.84873e-11
1770,2.25939e-11,2.2265e-11,2.2265e-11
1772,1.59628e-11,1.57304e-11,1.57304e-11
1774,9.10794e-12,8.97535e-12,8.97535e-12
1776,2.12537e-12,2.09443e-12,2.09443e-12
1778,-4.887e-12,-4.81586e-12,-4.81586e-12
1780,-1.18309e-11,-1.16586e-11,-1.16586e-11
1782,-1.86088e-11,-1.83379e-11,-1.83379e-11
1784,-2.51259e-11,-2.47601e-11,-2.47601e-11
1786,-3.12907e-11,-3.08352e-11,-3.08352e-11
1788,-3.70168e-11,-3.64779e-11,-3.64779e-11
1790,-4.22239e-11,-4.16092e-11,-4.16092e-11
1792,-4.6839e-11,-4.61572e-11,-4.61572e-11
1794,-5.07974e-11,-5.00579e-11,-5.00579e-11
1796,-5.40436e-11,-5.32569e-11,-5.32569e-11
1798,-5.65321e-11,-5.57092e-11,-5.57092e-11
1800,-5.8228e-11,-5.73804e-11,-5.73804e-11
1802,-5.91076e-11,-5.82471e-11,-5.82471e-11
1804,-5.91584e-11,-5.82972e-11,-5.82972e-11
1806,-5.83798e-11,-5.75299e-11,-5.75299e-11
1808,-5.67827e-11,-5.5956e-11,-5.5956e-11
1810,-5.43894e-11,-5.35977e-11,-5.35977e-11
1812,-5.12337e-11,-5.04878e-11,-5.04878e-11
1814,-4.73595e-11,-4.66701e-11,-4.66701e-11
1816,-4.28215e-11,-4.21981e-11,-4.21981e-11
1818,-3.7683e-11,-3.71344e-11,-3.71344e-11
1820,-3.20162e-11,-3.15501e-11,-3.15501e-11
1822,-2.59005e-11,-2.55235e-11,-2.55235e-11
1824,-1.94217e-11,-1.9139e-11,-1.9139e-11
1826,-1.26706e-11,-1.24861e-11,-1.24861e-11
1828,-5.74182e-12,-5.65824e-12,-5.65824e-12
1830,1.26744e-12,1.24899e-12,1.24899e-12
1832,8.25893e-12,8.1387e-12,8.1387e-12
1834,1.51346e-11,1.49143e-11,1.49143e-11
1836,2.17981e-11,2.14808e-11,2.14808e-11
1838,2.8156e-11,2.77461e-11,2.77461e-11
1840,3.41191e-11,3.36224e-11,3.36224e-11
1842,3.96039e-11,3.90274e-11,3.90274e-11
1844,4.45334e-11,4.38851e-11,4.38851e-11
1846,4.88385e-11,4.81276e-11,4.81276e-11
1848,5.24589e-11,5.16953e-11,5.16953e-11
1850,5.53438e-11,5.45382e-11,5.45382e-11
1852,5.74528e-11,5.66164e-11,5.66164e-11
1854,5.87563e-11,5.79009e-11,5.79009e-11
1856,5.92359e-11,5.83736e-11,5.83736e-11
1858,5.88851e-11,5.80279e-11,5.80279e-11
1860,5.77087e-11,5.68686e-11,5.68686e-11
1862,5.57231e-11,5.49119e-11,5.49119e-11
1864,5.29564e-11,5.21854e-11,5.21854e-11
1866,4.94471e-11,4.87273e-11,4.87273e-11
1868,4.52446e-11,4.45859e-11,4.45859e-11
1870,4.04077e-11,3.98195e-11,3.98195e-11
1872,3.50043e-11,3.44948e-11,3.44948e-11
1874,2.91102e-11,2.86864e-11,2.86864e-11
1876,2.28079e-11,2.24758e-11,2.24758e-11
1878,1.61858e-11,1.59502e-11,1.59502e-11
1880,9.33678e-12,9.20086e-12,9.20086e-12
1882,2.35687e-12,2.32256e-12,2.32256e-12
1884,-4.65609e-12,-4.5883e-12,-4.5883e-12
1886,-1.16038e-11,-1.14348e-11,-1.14348e-11
1888,-1.83887e-11,-1.81211e-11,-1.81211e-11
1890,-2.49159e-11,-2.45532e-11,-2.45532e-11
1892,-3.10938e-11,-3.06411e-11,-3.06411e-11
1894,-3.68357e-11,-3.62994e-11,-3.62994e-11
1896,-4.20611e-11,-4.14488e-11,-4.14488e-11
1898,-4.66968e-11,-4.6017e-11,-4.6017e-11
1900,-5.06779e-11,-4.99401e-11,-4.99401e-11
1902,-5.39484e-11,-5.3163e-11,-5.3163e-11
1904,-5.64625e-11,-5.56405e-11,-5.56405e-11
1906,-5.8185e-11,-5.7338e-11,-5.7338e-11
1908,-5.90917e-11,-5.82315e-11,-5.82315e-11
1910,-5.917e-11,-5.83086e-11,-5.83086e-11
1912,-5.84186e-11,-5.75682e-11,-5.75682e-11
1914,-5.68482e-11,-5.60207e-11,-5.60207e-11
1916,-5.44808e-11,-5.36877e-11,-5.36877e-11
1918,-5.13496e-11,-5.0602e-11,-5.0602e-11
1920,-4.74984e-11,-4.68069e-11,-4.68069e-11
1922,-4.29812e-11,-4.23555e-11,-4.23555e-11
1924,-3.78614e-11,-3.73103e-11,-3.73103e-11
1926,-3.22109e-11,-3.17419e-11,-3.17419e-11
1928,-2.61087e-11,-2.57286e-11,-2.57286e-11
1930,-1.96404e-11,-1.93545e-11,-1.93545e-11
1932,-1.28968e-11,-1.2709e-11,-1.2709e-11
1934,-5.97235e-12,-5.88541e-12,-5.88541e-12
1936,1.03581e-12,1.02073e-12,1.02073e-12
1938,8.02946e-12,7.91257e-12,7.91257e-12
1940,1.49105e-11,1.46935e-11,1.46935e-11
1942,2.15825e-11,2.12684e-11,2.12684e-11
1944,2.7952e-11,2.75451e-11,2.75451e-11
1946,3.39295e-11,3.34356e-11,3.34356e-11
1948,3.94313e-11,3.88573e-11,3.88573e-11
1950,4.43803e-11,4.37342e-11,4.37342e-11
1952,4.87071e-11,4.7998e-11,4.7998e-11
1954,5.23509e-11,5.15888e-11,5.15888e-11
1956,5.52608e-11,5.44563e-11,5.44563e-11
1958,5.73959e-11,5.65604e-11,5.65604e-11
1960,5.87263e-11,5.78714e-11,5.78714e-11
1962,5.92333e-11,5.83711e-11,5.83711e-11
1964,5.89099e-11,5.80523e-11,5.80523e-11
1966,5.77605e-11,5.69197e-11,5.69197e-11
1968,5.58013e-11,5.4989e-11,5.4989e-11
1970,5.30598e-11,5.22873e-11,5.22873e-11
1972,4.95743e-11,4.88526e-11,4.88526e-11
1974,4.53938e-11,4.4733e-11,4.4733e-11
1976,4.05768e-11,3.99861e-11,3.99861e-11
1978,3.5191e-11,3.46787e-11,3.46787e-11
1980,2.93117e-11,2.8885e-11,2.8885e-11
1982,2.30215e-11,2.26864e-11,2.26864e-11
1984,1.64085e-11,1.61696e-11,1.61696e-11
1986,9.56548e-12,9.42623e-12,9.42623e-12
1988,2.58834e-12,2.55066e-12,2.55066e-12
1990,-4.4251e-12,-4.36068e-12,-4.36068e-12
1992,-1.13765e-11,-1.12109e-11,-1.12109e-11
1994,-1.81684e-11,-1.79039e-11,-1.79039e-11
1996,-2.47055e-11,-2.43459e-11,-2.43459e-11
1998,-3.08963e-11,-3.04466e-11,-3.04466e-11
2000,-3.66539e-11,-3.61203e-11,-3.61203e-11
